Country Code,Short Name,Table Name,Long Name
ABW,Aruba,Aruba,Aruba
AFG,Afghanistan,Afghanistan,Islamic State of Afghanistan
AGO,Angola,Angola,People's Republic of Angola
ALB,Albania,Albania,Republic of Albania
AND,Andorra,Andorra,Principality of Andorra
ARB,Arab World,Arab World,Arab World
ARE,United Arab Emirates,United Arab Emirates,United Arab Emirates
ARG,Argentina,Argentina,Argentine Republic
ARM,Armenia,Armenia,Republic of Armenia
ASM,American Samoa,American Samoa,American Samoa
ATG,Antigua and Barbuda,Antigua and Barbuda,Antigua and Barbuda
AUS,Australia,Australia,Commonwealth of Australia
AUT,Austria,Austria,Republic of Austria
AZE,Azerbaijan,Azerbaijan,Republic of Azerbaijan
BDI,Burundi,Burundi,Republic of Burundi
BEL,Belgium,Belgium,Kingdom of Belgium
BEN,Benin,Benin,Republic of Benin
BFA,Burkina Faso,Burkina Faso,Burkina Faso
BGD,Bangladesh,Bangladesh,People's Republic of Bangladesh
BGR,Bulgaria,Bulgaria,Republic of Bulgaria
BHR,Bahrain,Bahrain,Kingdom of Bahrain
BHS,The Bahamas,"Bahamas, The",Commonwealth of The Bahamas
BIH,Bosnia and Herzegovina,Bosnia and Herzegovina,Bosnia and Herzegovina
BLR,Belarus,Belarus,Republic of Belarus
BLZ,Belize,Belize,Belize
BMU,Bermuda,Bermuda,The Bermudas
BOL,Bolivia,Bolivia,Plurinational State of Bolivia
BRA,Brazil,Brazil,Federative Republic of Brazil
BRB,Barbados,Barbados,Barbados
BRN,Brunei,Brunei Darussalam,Brunei Darussalam
BTN,Bhutan,Bhutan,Kingdom of Bhutan
BWA,Botswana,Botswana,Republic of Botswana
CAF,Central African Republic,Central African Republic,Central African Republic
CAN,Canada,Canada,Canada
CEB,Central Europe and the Baltics,Central Europe and the Baltics,Central Europe and the Baltics
CHE,Switzerland,Switzerland,Switzerland
CHI,Channel Islands,Channel Islands,Channel Islands
CHL,Chile,Chile,Republic of Chile
CHN,China,China,People's Republic of China
CIV,Côte d'Ivoire,Côte d'Ivoire,Republic of Côte d'Ivoire
CMR,Cameroon,Cameroon,Republic of Cameroon
COD,Dem. Rep. Congo,"Congo, Dem. Rep.",Democratic Republic of the Congo
COG,Congo,"Congo, Rep.",Republic of Congo
COL,Colombia,Colombia,Republic of Colombia
COM,Comoros,Comoros,Union of the Comoros
CPV,Cabo Verde,Cabo Verde,Republic of Cabo Verde
CRI,Costa Rica,Costa Rica,Republic of Costa Rica
CSS,Caribbean small states,Caribbean small states,Caribbean small states
CUB,Cuba,Cuba,Republic of Cuba
CUW,Curaçao,Curaçao,Curaçao
CYM,Cayman Islands,Cayman Islands,Cayman Islands
CYP,Cyprus,Cyprus,Republic of Cyprus
CZE,Czech Republic,Czech Republic,Czech Republic
DEU,Germany,Germany,Federal Republic of Germany
DJI,Djibouti,Djibouti,Republic of Djibouti
DMA,Dominica,Dominica,Commonwealth of Dominica
DNK,Denmark,Denmark,Kingdom of Denmark
DOM,Dominican Republic,Dominican Republic,Dominican Republic
DZA,Algeria,Algeria,People's Democratic Republic of Algeria
EAP,East Asia & Pacific (excluding high income),East Asia & Pacific (excluding high income),East Asia & Pacific (excluding high income)
EAR,Early-demographic dividend,Early-demographic dividend,Early-demographic dividend
EAS,East Asia & Pacific,East Asia & Pacific,East Asia & Pacific
ECA,Europe & Central Asia (excluding high income),Europe & Central Asia (excluding high income),Europe & Central Asia (excluding high income)
ECS,Europe & Central Asia,Europe & Central Asia,Europe & Central Asia
ECU,Ecuador,Ecuador,Republic of Ecuador
EGY,Egypt,"Egypt, Arab Rep.",Arab Republic of Egypt
EMU,Euro area,Euro area,Euro area
ERI,Eritrea,Eritrea,State of Eritrea
ESP,Spain,Spain,Kingdom of Spain
EST,Estonia,Estonia,Republic of Estonia
ETH,Ethiopia,Ethiopia,Federal Democratic Republic of Ethiopia
EUU,European Union,European Union,European Union
FCS,Fragile and conflict affected situations,Fragile and conflict affected situations,Fragile and conflict affected situations
FIN,Finland,Finland,Republic of Finland
FJI,Fiji,Fiji,Republic of Fiji
FRA,France,France,French Republic
FRO,Faroe Islands,Faroe Islands,Faroe Islands
FSM,Micronesia,"Micronesia, Fed. Sts.",Federated States of Micronesia
GAB,Gabon,Gabon,Gabonese Republic
GBR,United Kingdom,United Kingdom,United Kingdom of Great Britain and Northern Ireland
GEO,Georgia,Georgia,Georgia
GHA,Ghana,Ghana,Republic of Ghana
GIB,Gibraltar,Gibraltar,Gibraltar
GIN,Guinea,Guinea,Republic of Guinea
GMB,The Gambia,"Gambia, The",Republic of The Gambia
GNB,Guinea-Bissau,Guinea-Bissau,Republic of Guinea-Bissau
GNQ,Equatorial Guinea,Equatorial Guinea,Republic of Equatorial Guinea
GRC,Greece,Greece,Hellenic Republic
GRD,Grenada,Grenada,Grenada
GRL,Greenland,Greenland,Greenland
GTM,Guatemala,Guatemala,Republic of Guatemala
GUM,Guam,Guam,Guam
GUY,Guyana,Guyana,Co-operative Republic of Guyana
HIC,High income,High income,High income
HKG,"Hong Kong SAR, China","Hong Kong SAR, China",Hong Kong Special Administrative Region of the People's Republic of China
HND,Honduras,Honduras,Republic of Honduras
HPC,Heavily indebted poor countries (HIPC),Heavily indebted poor countries (HIPC),Heavily indebted poor countries (HIPC)
HRV,Croatia,Croatia,Republic of Croatia
HTI,Haiti,Haiti,Republic of Haiti
HUN,Hungary,Hungary,Hungary
IBD,IBRD only,IBRD only,IBRD only
IBT,IDA & IBRD total,IDA & IBRD total,IDA & IBRD total
IDA,IDA total,IDA total,IDA total
IDB,IDA blend,IDA blend,IDA blend
IDN,Indonesia,Indonesia,Republic of Indonesia
IDX,IDA only,IDA only,IDA only
IMN,Isle of Man,Isle of Man,Isle of Man
IND,India,India,Republic of India
IRL,Ireland,Ireland,Ireland
IRN,Iran,"Iran, Islamic Rep.",Islamic Republic of Iran
IRQ,Iraq,Iraq,Republic of Iraq
ISL,Iceland,Iceland,Republic of Iceland
ISR,Israel,Israel,State of Israel
ITA,Italy,Italy,Italian Republic
JAM,Jamaica,Jamaica,Jamaica
JOR,Jordan,Jordan,Hashemite Kingdom of Jordan
JPN,Japan,Japan,Japan
KAZ,Kazakhstan,Kazakhstan,Republic of Kazakhstan
KEN,Kenya,Kenya,Republic of Kenya
KGZ,Kyrgyz Republic,Kyrgyz Republic,Kyrgyz Republic
KHM,Cambodia,Cambodia,Kingdom of Cambodia
KIR,Kiribati,Kiribati,Republic of Kiribati
KNA,St. Kitts and Nevis,St. Kitts and Nevis,St. Kitts and Nevis
KOR,Korea,"Korea, Rep.",Republic of Korea
KWT,Kuwait,Kuwait,State of Kuwait
LAC,Latin America & Caribbean (excluding high income),Latin America & Caribbean (excluding high income),Latin America & Caribbean (excluding high income)
LAO,Lao PDR,Lao PDR,Lao People's Democratic Republic
LBN,Lebanon,Lebanon,Lebanese Republic
LBR,Liberia,Liberia,Republic of Liberia
LBY,Libya,Libya,Socialist People's Libyan Arab Jamahiriya
LCA,St. Lucia,St. Lucia,St. Lucia
LCN,Latin America & Caribbean,Latin America & Caribbean,Latin America & Caribbean
LDC,Least developed countries: UN classification,Least developed countries: UN classification,Least developed countries: UN classification
LIC,Low income,Low income,Low income
LIE,Liechtenstein,Liechtenstein,Principality of Liechtenstein
LKA,Sri Lanka,Sri Lanka,Democratic Socialist Republic of Sri Lanka
LMC,Lower middle income,Lower middle income,Lower middle income
LMY,Low & middle income,Low & middle income,Low & middle income
LSO,Lesotho,Lesotho,Kingdom of Lesotho
LTE,Late-demographic dividend,Late-demographic dividend,Late-demographic dividend
LTU,Lithuania,Lithuania,Republic of Lithuania
LUX,Luxembourg,Luxembourg,Grand Duchy of Luxembourg
LVA,Latvia,Latvia,Republic of Latvia
MAC,"Macao SAR, China","Macao SAR, China",Macao Special Administrative Region of the People's Republic of China
MAF,St. Martin (French part),St. Martin (French part),St. Martin (French part)
MAR,Morocco,Morocco,Kingdom of Morocco
MCO,Monaco,Monaco,Principality of Monaco
MDA,Moldova,Moldova,Republic of Moldova
MDG,Madagascar,Madagascar,Republic of Madagascar
MDV,Maldives,Maldives,Republic of Maldives
MEA,Middle East & North Africa,Middle East & North Africa,Middle East & North Africa
MEX,Mexico,Mexico,United Mexican States
MHL,Marshall Islands,Marshall Islands,Republic of the Marshall Islands
MIC,Middle income,Middle income,Middle income
MKD,North Macedonia,North Macedonia,Republic of North Macedonia
MLI,Mali,Mali,Republic of Mali
MLT,Malta,Malta,Republic of Malta
MMR,Myanmar,Myanmar,Republic of the Union of Myanmar
MNA,Middle East & North Africa (excluding high income),Middle East & North Africa (excluding high income),Middle East & North Africa (excluding high income)
MNE,Montenegro,Montenegro,Montenegro
MNG,Mongolia,Mongolia,Mongolia
MNP,Northern Mariana Islands,Northern Mariana Islands,Commonwealth of the Northern Mariana Islands
MOZ,Mozambique,Mozambique,Republic of Mozambique
MRT,Mauritania,Mauritania,Islamic Republic of Mauritania
MUS,Mauritius,Mauritius,Republic of Mauritius
MWI,Malawi,Malawi,Republic of Malawi
MYS,Malaysia,Malaysia,Malaysia
NAC,North America,North America,North America
NAM,Namibia,Namibia,Republic of Namibia
NCL,New Caledonia,New Caledonia,New Caledonia
NER,Niger,Niger,Republic of Niger
NGA,Nigeria,Nigeria,Federal Republic of Nigeria
NIC,Nicaragua,Nicaragua,Republic of Nicaragua
NLD,Netherlands,Netherlands,Kingdom of the Netherlands
NOR,Norway,Norway,Kingdom of Norway
NPL,Nepal,Nepal,Nepal
NRU,Nauru,Nauru,Republic of Nauru
NZL,New Zealand,New Zealand,New Zealand
OED,OECD members,OECD members,OECD members
OMN,Oman,Oman,Sultanate of Oman
OSS,Other small states,Other small states,Other small states
PAK,Pakistan,Pakistan,Islamic Republic of Pakistan
PAN,Panama,Panama,Republic of Panama
PER,Peru,Peru,Republic of Peru
PHL,Philippines,Philippines,Republic of the Philippines
PLW,Palau,Palau,Republic of Palau
PNG,Papua New Guinea,Papua New Guinea,The Independent State of Papua New Guinea
POL,Poland,Poland,Republic of Poland
PRE,Pre-demographic dividend,Pre-demographic dividend,Pre-demographic dividend
PRI,Puerto Rico,Puerto Rico,Puerto Rico
PRK,Dem. People's Rep. Korea,"Korea, Dem. People's Rep.",Democratic People's Republic of Korea
PRT,Portugal,Portugal,Portuguese Republic
PRY,Paraguay,Paraguay,Republic of Paraguay
PSE,West Bank and Gaza,West Bank and Gaza,West Bank and Gaza
PSS,Pacific island small states,Pacific island small states,Pacific island small states
PST,Post-demographic dividend,Post-demographic dividend,Post-demographic dividend
PYF,French Polynesia,French Polynesia,French Polynesia
QAT,Qatar,Qatar,State of Qatar
ROU,Romania,Romania,Romania
RUS,Russia,Russian Federation,Russian Federation
RWA,Rwanda,Rwanda,Republic of Rwanda
SAS,South Asia,South Asia,South Asia
SAU,Saudi Arabia,Saudi Arabia,Kingdom of Saudi Arabia
SDN,Sudan,Sudan,Republic of the Sudan
SEN,Senegal,Senegal,Republic of Senegal
SGP,Singapore,Singapore,Republic of Singapore
SLB,Solomon Islands,Solomon Islands,Solomon Islands
SLE,Sierra Leone,Sierra Leone,Republic of Sierra Leone
SLV,El Salvador,El Salvador,Republic of El Salvador
SMR,San Marino,San Marino,Republic of San Marino
SOM,Somalia,Somalia,Somali Democratic Republic
SRB,Serbia,Serbia,Republic of Serbia
SSA,Sub-Saharan Africa (excluding high income),Sub-Saharan Africa (excluding high income),Sub-Saharan Africa (excluding high income)
SSD,South Sudan,South Sudan,Republic of South Sudan
SSF,Sub-Saharan Africa,Sub-Saharan Africa,Sub-Saharan Africa
SST,Small states,Small states,Small states
STP,São Tomé and Principe,São Tomé and Principe,Democratic Republic of São Tomé and Principe
SUR,Suriname,Suriname,Republic of Suriname
SVK,Slovak Republic,Slovak Republic,Slovak Republic
SVN,Slovenia,Slovenia,Republic of Slovenia
SWE,Sweden,Sweden,Kingdom of Sweden
SWZ,Eswatini,Eswatini,Kingdom of Eswatini
SXM,Sint Maarten (Dutch part),Sint Maarten (Dutch part),Sint Maarten (Dutch part)
SYC,Seychelles,Seychelles,Republic of Seychelles
SYR,Syrian Arab Republic,Syrian Arab Republic,Syrian Arab Republic
TCA,Turks and Caicos Islands,Turks and Caicos Islands,Turks and Caicos Islands
TCD,Chad,Chad,Republic of Chad
TEA,East Asia & Pacific (IDA & IBRD),East Asia & Pacific (IDA & IBRD),East Asia & Pacific (IDA & IBRD)
TEC,Europe & Central Asia (IDA & IBRD),Europe & Central Asia (IDA & IBRD),Europe & Central Asia (IDA & IBRD)
TGO,Togo,Togo,Republic of Togo
THA,Thailand,Thailand,Kingdom of Thailand
TJK,Tajikistan,Tajikistan,Republic of Tajikistan
TKM,Turkmenistan,Turkmenistan,Turkmenistan
TLA,Latin America & Caribbean (IDA & IBRD),Latin America & Caribbean (IDA & IBRD),Latin America & Caribbean (IDA & IBRD)
TLS,Timor-Leste,Timor-Leste,Democratic Republic of Timor-Leste
TMN,Middle East & North Africa (IDA & IBRD),Middle East & North Africa (IDA & IBRD),Middle East & North Africa (IDA & IBRD)
TON,Tonga,Tonga,Kingdom of Tonga
TSA,South Asia (IDA & IBRD),South Asia (IDA & IBRD),South Asia (IDA & IBRD)
TSS,Sub-Saharan Africa (IDA & IBRD),Sub-Saharan Africa (IDA & IBRD),Sub-Saharan Africa (IDA & IBRD)
TTO,Trinidad and Tobago,Trinidad and Tobago,Republic of Trinidad and Tobago
TUN,Tunisia,Tunisia,Republic of Tunisia
TUR,Turkey,Turkey,Republic of Turkey
TUV,Tuvalu,Tuvalu,Tuvalu
TZA,Tanzania,Tanzania,United Republic of Tanzania
UGA,Uganda,Uganda,Republic of Uganda
UKR,Ukraine,Ukraine,Ukraine
UMC,Upper middle income,Upper middle income,Upper middle income
URY,Uruguay,Uruguay,Oriental Republic of Uruguay
USA,United States,United States,United States of America
UZB,Uzbekistan,Uzbekistan,Republic of Uzbekistan
VCT,St. Vincent and the Grenadines,St. Vincent and the Grenadines,St. Vincent and the Grenadines
VEN,Venezuela,"Venezuela, RB",República Bolivariana de Venezuela
VGB,British Virgin Islands,British Virgin Islands,British Virgin Islands
VIR,Virgin Islands,Virgin Islands (U.S.),Virgin Islands of the United States
VNM,Vietnam,Vietnam,Socialist Republic of Vietnam
VUT,Vanuatu,Vanuatu,Republic of Vanuatu
WLD,World,World,World
WSM,Samoa,Samoa,Samoa
XKX,Kosovo,Kosovo,Republic of Kosovo
YEM,Yemen,"Yemen, Rep.",Republic of Yemen
ZAF,South Africa,South Africa,Republic of South Africa
ZMB,Zambia,Zambia,Republic of Zambia
ZWE,Zimbabwe,Zimbabwe,Republic of Zimbabwe
